{
  "timestamp": "2026-03-25T12:13:08.518924",
  "total_time_s": 9691.070878267288,
  "results": [
    {
      "name": "Chignolin",
      "pdb_id": "1UAO",
      "category": "ultra_small",
      "n_residues": 10,
      "resolution": 1.1,
      "ctf_rmsd": 8.581677464567827,
      "ctf_tm": 0.006870564973416214,
      "ctf_gdt": 0.2,
      "ctf_ss": "EEEEEEEEEE",
      "ctf_helix": 0.0,
      "ctf_strand": 1.0,
      "sim_time": 0.03712630271911621,
      "final_energy": 21.762831580272607,
      "energy_decomposed": {
        "ramachandran": 19.062831580272608,
        "hbond": 0.0,
        "vanderwaals": 0.0,
        "bonded": 0.0,
        "tunnel": 3.2,
        "solvent": 0.0,
        "chaperone": -0.5
      }
    },
    {
      "name": "Trp-cage",
      "pdb_id": "1L2Y",
      "category": "ultra_small",
      "n_residues": 20,
      "resolution": 0.0,
      "ctf_rmsd": 16.267445729247434,
      "ctf_tm": 0.003906766072507092,
      "ctf_gdt": 0.075,
      "ctf_ss": "EEEEEEEEEEEEEEEEEEEE",
      "ctf_helix": 0.0,
      "ctf_strand": 1.0,
      "sim_time": 1.5512452125549316,
      "final_energy": 55.63827761338054,
      "energy_decomposed": {
        "ramachandran": 58.33827761338054,
        "hbond": 0.0,
        "vanderwaals": 0.0,
        "bonded": 0.0,
        "tunnel": -2.2,
        "solvent": 0.0,
        "chaperone": -0.5
      }
    },
    {
      "name": "Villin headpiece HP35",
      "pdb_id": "1YRF",
      "category": "ultra_small",
      "n_residues": 35,
      "resolution": 1.07,
      "ctf_rmsd": 28.076428519382144,
      "ctf_tm": 0.02741100112715475,
      "ctf_gdt": 0.07142857142857142,
      "ctf_ss": "EEEEEEEEEEEEEEEEEEEEEEEEEEEEEEEEEEE",
      "ctf_helix": 0.0,
      "ctf_strand": 1.0,
      "sim_time": 15.005831241607666,
      "final_energy": 24.66710969939239,
      "energy_decomposed": {
        "ramachandran": 27.740443032725725,
        "hbond": 0.0,
        "vanderwaals": 0.0,
        "bonded": 0.0,
        "tunnel": -2.5583333333333327,
        "solvent": -0.5149999999999998
      }
    },
    {
      "name": "Ubiquitin",
      "pdb_id": "1UBQ",
      "category": "small_domain",
      "n_residues": 76,
      "resolution": 1.8,
      "ctf_rmsd": 68.681541082032,
      "ctf_tm": 0.011071245473517595,
      "ctf_gdt": 0.0,
      "ctf_ss": "EEEEEEEEEEEEEEEEEEEEEEEEEEEEEEEEEEEEEEEEEEEEEEEEEEEEEEEEEEEEEEEEEEEEEEEEEEEE",
      "ctf_helix": 0.0,
      "ctf_strand": 1.0,
      "sim_time": 188.3409867286682,
      "final_energy": 52.71662338246845,
      "energy_decomposed": {
        "ramachandran": 59.70162338246845,
        "hbond": 0.0,
        "vanderwaals": 0.0,
        "bonded": 0.0,
        "tunnel": 0.27499999999999947,
        "solvent": -1.8599999999999994,
        "chaperone": -5.3999999999999995
      }
    },
    {
      "name": "Protein G B1",
      "pdb_id": "1PGA",
      "category": "small_domain",
      "n_residues": 56,
      "resolution": 1.92,
      "ctf_rmsd": 52.4710491471003,
      "ctf_tm": 0.012076372957697406,
      "ctf_gdt": 0.004464285714285714,
      "ctf_ss": "EEEEEEEEEEEEEEEEEEEEEEEEEEEEEEEEEEEEEEEEEEEEEEEEEEEEEEEE",
      "ctf_helix": 0.0,
      "ctf_strand": 1.0,
      "sim_time": 62.7178840637207,
      "final_energy": 39.766710380131514,
      "energy_decomposed": {
        "ramachandran": 45.091710380131516,
        "hbond": 0.0,
        "vanderwaals": 0.0,
        "bonded": 0.0,
        "tunnel": -1.225,
        "solvent": -0.49999999999999933,
        "chaperone": -3.5999999999999996
      }
    },
    {
      "name": "SH3 domain (Fyn)",
      "pdb_id": "1SHF",
      "category": "small_domain",
      "n_residues": 59,
      "resolution": 1.8,
      "ctf_rmsd": 56.48133844204071,
      "ctf_tm": 0.012028577135564884,
      "ctf_gdt": 0.00423728813559322,
      "ctf_ss": "EEEEEEEEEEEEEEEEEEEEEEEEEEEEEEEEEEEEEEEEEEEEEEEEEEEEEEEEEEE",
      "ctf_helix": 0.0,
      "ctf_strand": 1.0,
      "sim_time": 71.45833587646484,
      "final_energy": 67.92058226553009,
      "energy_decomposed": {
        "ramachandran": 67.81558226553008,
        "hbond": 0.0,
        "vanderwaals": 0.0,
        "bonded": 0.0,
        "tunnel": 4.825,
        "solvent": -1.1199999999999994,
        "chaperone": -3.5999999999999996
      }
    },
    {
      "name": "WW domain (Pin1)",
      "pdb_id": "1PIN",
      "category": "small_domain",
      "n_residues": 155,
      "resolution": 1.35,
      "ctf_rmsd": 141.13460394260858,
      "ctf_tm": 0.021442958874853826,
      "ctf_gdt": 0.008064516129032258,
      "ctf_ss": "EEEEEEEEEEEEEEEEEEEEEEEEEEEEEEEEEEEEEEEEEEEEEEEEEEEEEEEEEEEEEEEEEEEEEEEEEEEEEEEEEEEEEEEEEEEEEEEEEEEEEEEEEEEEEEEEEEEEEEEEEEEEEEEEEEEEEEEEEEEEEEEEEEEEEEEEEEE",
      "ctf_helix": 0.0,
      "ctf_strand": 1.0,
      "sim_time": 1619.7326338291168,
      "final_energy": 106.50916694468083,
      "energy_decomposed": {
        "ramachandran": 131.33916694468084,
        "hbond": 0.0,
        "vanderwaals": 0.0,
        "bonded": 0.0,
        "tunnel": -3.7750000000000004,
        "solvent": -11.155,
        "chaperone": -9.9
      }
    },
    {
      "name": "Barnase",
      "pdb_id": "1A2P",
      "category": "medium_domain",
      "n_residues": 108,
      "resolution": 1.5,
      "ctf_rmsd": 94.76230469185894,
      "ctf_tm": 0.007539869453751546,
      "ctf_gdt": 0.0,
      "ctf_ss": "EEEEEEEEEEEEEEEEEEEEEEEEEEEEEEEEEEEEEEEEEEEEEEEEEEEEEEEEEEEEEEEEEEEEEEEEEEEEEEEEEEEEEEEEEEEEEEEEEEEEEEEEEEEE",
      "ctf_helix": 0.0,
      "ctf_strand": 1.0,
      "sim_time": 508.19092178344727,
      "final_energy": 75.35008233820356,
      "energy_decomposed": {
        "ramachandran": 85.20008233820357,
        "hbond": 0.0,
        "vanderwaals": 0.0,
        "bonded": 0.0,
        "tunnel": 0.1250000000000009,
        "solvent": -2.7749999999999986,
        "chaperone": -7.199999999999999
      }
    },
    {
      "name": "Four-helix bundle (ROP)",
      "pdb_id": "1ROP",
      "category": "all_alpha",
      "n_residues": 56,
      "resolution": 1.7,
      "ctf_rmsd": 51.34337033969674,
      "ctf_tm": 0.00733643591665885,
      "ctf_gdt": 0.0,
      "ctf_ss": "EEEEEEEEEEEEEEEEEEEEEEEEEEEEEEEEEEEEEEEEEEEEEEEEEEEEEEEE",
      "ctf_helix": 0.0,
      "ctf_strand": 1.0,
      "sim_time": 61.89890098571777,
      "final_energy": 41.897388275538994,
      "energy_decomposed": {
        "ramachandran": 44.402388275538996,
        "hbond": 0.0,
        "vanderwaals": 0.0,
        "bonded": 0.0,
        "tunnel": 2.675,
        "solvent": -1.5799999999999994,
        "chaperone": -3.5999999999999996
      }
    },
    {
      "name": "Immunoglobulin FLN5",
      "pdb_id": "1QFH",
      "category": "all_beta",
      "n_residues": 212,
      "resolution": 1.9,
      "ctf_rmsd": 154.0278757929117,
      "ctf_tm": 0.002534318898918672,
      "ctf_gdt": 0.0,
      "ctf_ss": "EEEEEEEEEEEEEEEEEEEEEEEEEEEEEEEEEEEEEEEEEEEEEEEEEEEEEEEEEEEEEEEEEEEEEEEEEEEEEEEEEEEEEEEEEEEEEEEEEEEEEEEEEEEEEEEEEEEEEEEEEEEEEEEEEEEEEEEEEEEEEEEEEEEEEEEEEEEEEEEEEEEEEEEEEEEEEEEEEEEEEEEEEEEEEEEEEEEEEEEEEEEEEEEEEEEE",
      "ctf_helix": 0.0,
      "ctf_strand": 1.0,
      "sim_time": 4419.862919807434,
      "final_energy": 131.53202614445829,
      "energy_decomposed": {
        "ramachandran": 165.10702614445827,
        "hbond": 0.0,
        "vanderwaals": 0.0,
        "bonded": 0.0,
        "tunnel": -8.975000000000001,
        "solvent": -5.999999999999998,
        "chaperone": -18.599999999999998
      }
    },
    {
      "name": "Tenascin FnIII",
      "pdb_id": "1TEN",
      "category": "all_beta",
      "n_residues": 89,
      "resolution": 1.8,
      "ctf_rmsd": 80.1030305965428,
      "ctf_tm": 0.0070289643278394365,
      "ctf_gdt": 0.0,
      "ctf_ss": "EEEEEEEEEEEEEEEEEEEEEEEEEEEEEEEEEEEEEEEEEEEEEEEEEEEEEEEEEEEEEEEEEEEEEEEEEEEEEEEEEEEEEEEEE",
      "ctf_helix": 0.0,
      "ctf_strand": 1.0,
      "sim_time": 288.6036081314087,
      "final_energy": 75.31424302075217,
      "energy_decomposed": {
        "ramachandran": 79.1475763540855,